<?xml version="1.0" encoding="UTF-8"?>
<beans xmlns="http://www.springframework.org/schema/beans"
	xmlns:xsi="http://www.w3.org/2001/XMLSchema-instance" xmlns:context="http://www.springframework.org/schema/context"
	xsi:schemaLocation="http://www.springframework.org/schema/beans http://www.springframework.org/schema/beans/spring-beans.xsd
		http://www.springframework.org/schema/context http://www.springframework.org/schema/context/spring-context-3.0.xsd">
	
	<bean id="application" class="com.autowired1.Application">
		<property name="applicationname" value="Login-System" />
	</bean>

	<bean id="applicationuser" class="com.autowired1.ApplicationUser" >
	<property name="username" value="hpsinggh@gmail.com" />
	<property name="password" value="1234567890" />
	</bean>
	
	<bean id="applicationowner" class="com.autowired1.ApplicationOwner">
		<property name="ownername" value="Hirendra singh" />
	</bean>	
	<context:annotation-config />
</beans>
