<?xml version="1.0" encoding="UTF-8"?>
<beans xmlns="http://www.springframework.org/schema/beans"
	xmlns:xsi="http://www.w3.org/2001/XMLSchema-instance"
	xmlns:context="http://www.springframework.org/schema/context"
	xmlns:mvc="http://www.springframework.org/schema/mvc"
	xsi:schemaLocation="http://www.springframework.org/schema/beans http://www.springframework.org/schema/beans/spring-beans-4.2.xsd
		http://www.springframework.org/schema/context http://www.springframework.org/schema/context/spring-context-4.2.xsd
		http://www.springframework.org/schema/mvc http://www.springframework.org/schema/mvc/spring-mvc-4.2.xsd">

<context:component-scan base-package="com.cns.LoginApp_Level1" />

<bean class="org.springframework.web.servlet.mvc.annotation.DefaultAnnotationHandlerMapping" />

<bean class="org.springframework.web.servlet.view.InternalResourceViewResolver" >
			<property name="prefix" value="/WEB-INF/views/" />
			<property name="suffix" value=".jsp" />
</bean>
<bean id="messageSource" class="org.springframework.context.support.ResourceBundleMessageSource">
			<property name="basename" value="com.cns.LoginApp_Level1.messages" />
</bean>	
<mvc:annotation-driven />	
</beans>
