<?xml version="1.0" encoding="UTF-8"?>
<beans xmlns="http://www.springframework.org/schema/beans"
	xmlns:xsi="http://www.w3.org/2001/XMLSchema-instance" xmlns:context="http://www.springframework.org/schema/context"
	xsi:schemaLocation="http://www.springframework.org/schema/beans http://www.springframework.org/schema/beans/spring-beans.xsd
		http://www.springframework.org/schema/context http://www.springframework.org/schema/context/spring-context-3.0.xsd">
	
	<bean id="application" class="com.autowired2.Application">
		<property name="applicationname" value="Login-System" />
	</bean>
	
	<bean id="applicationuser1" class="com.autowired2.ApplicationUser" >
	<property name="username" value="hpsinggh@gmail.com" />
	<property name="password" value="1234567890" />
	<qualifier value="user1" />
	</bean>
	
	<bean id="applicationuser2" class="com.autowired2.ApplicationUser" >
	<property name="username" value="gurprtkor@gmail.com" />
	<property name="password" value="0987654321" />
	<qualifier value="user2" />
	</bean>
	
	<bean id="applicationowner1" class="com.autowired2.ApplicationOwner">
		<property name="ownername" value="Hirendra singh:owner1" />
		<qualifier value="owner1" />
	</bean>	
	<bean id="applicationowner2" class="com.autowired2.ApplicationOwner">
		<property name="ownername" value="Vineet dubey:owner2" />
		<qualifier value="owner2" />
	</bean>	
	<context:annotation-config />
</beans>
