<?xml version="1.0" encoding="UTF-8"?>
<beans xmlns="http://www.springframework.org/schema/beans"
	xmlns:xsi="http://www.w3.org/2001/XMLSchema-instance"
	xsi:schemaLocation="http://www.springframework.org/schema/beans http://www.springframework.org/schema/beans/spring-beans.xsd">

<bean class="org.springframework.web.servlet.handler.SimpleUrlHandlerMapping">
		<property name="mappings">
				<props>
					<prop key="/home.htm">ufvc</prop>
					<prop key="/welcome.htm">wvc</prop>
				</props>
		</property>
</bean>
<bean id="ufvc" class="org.springframework.web.servlet.mvc.ParameterizableViewController">
		<property name="viewName" value="Home" />
</bean>
<bean id="wvc" class="com.cns.controller.WelcomeViewController">
		<constructor-arg ref="wishclass" />
</bean>
<bean id="wishclass" class="com.cns.service.WishClass" />
<bean class="org.springframework.web.servlet.view.InternalResourceViewResolver">
			<property name="prefix" value="/WEB-INF/view-pages/" />
			<property name="suffix" value=".jsp"/>
</bean>
</beans>
