<?xml version="1.0" encoding="UTF-8"?>
<beans xmlns="http://www.springframework.org/schema/beans"
	xmlns:xsi="http://www.w3.org/2001/XMLSchema-instance"
	xmlns:context="http://www.springframework.org/schema/context"
	xsi:schemaLocation="http://www.springframework.org/schema/beans http://www.springframework.org/schema/beans/spring-beans.xsd
		http://www.springframework.org/schema/context http://www.springframework.org/schema/context/spring-context-3.0.xsd">
<bean id="appuser" class="com.inject.ApplicationUser">
		<property name="username" value="hpsingghjava@gmail.com" />
		<property name="password" value="1234567890" />
</bean>

<bean id="appowner1" class="com.inject.ApplicationOwner">
	<property name="ownername" value="Hirendra Singh" />
</bean>
<bean id="appowner2" class="com.inject.ApplicationOwner" >
	<property name="ownername" value="Gurvinder kaur"></property>
</bean>
<context:component-scan base-package="com.inject" />
</beans>
