<?xml version="1.0" encoding="UTF-8"?>
<beans xmlns="http://www.springframework.org/schema/beans"
	xmlns:xsi="http://www.w3.org/2001/XMLSchema-instance"
	xsi:schemaLocation="http://www.springframework.org/schema/beans http://www.springframework.org/schema/beans/spring-beans.xsd">

<bean class="com.nb.beans.Computer">
<property name="brand_name" value="IBM" />
<property name="computer_type" value="laptop" />
<property name="chip" >  
		<bean class="com.nb.beans.Chip">
			<property name="chipid" value="21" />
			<property name="chiptype" value="embeded" />
		</bean>
</property>
</bean>
</beans>


<!-- 1.nested bean can not be refer some other bean in spring configuration file.
	 2.we can not direclty create the the object for nested bean in test class.
 -->