<?xml version="1.0" encoding="UTF-8"?>
<beans xmlns="http://www.springframework.org/schema/beans"
	xmlns:xsi="http://www.w3.org/2001/XMLSchema-instance"
	xmlns:jdbc="http://www.springframework.org/schema/jdbc"
	xsi:schemaLocation="http://www.springframework.org/schema/jdbc http://www.springframework.org/schema/jdbc/spring-jdbc-4.1.xsd
		http://www.springframework.org/schema/beans http://www.springframework.org/schema/beans/spring-beans.xsd">

	<!-- <bean id="dataSource"
		class="org.springframework.jdbc.datasource.embedded.EmbeddedDatabaseFactoryBean">
		<property name="databaseName" value="pms" />
		<property name="databasePopulator" ref="databasePopulator" />
	</bean>

	<bean id="databasePopulator"
		class="org.springframework.jdbc.datasource.init.ResourceDatabasePopulator">
		<property name="scripts">
			<list>
				<value>db-schema.sql</value>
				<value>seed-data.sql</value>
			</list>
		</property>
	</bean> -->
	<jdbc:embedded-database id="dataSource" type="HSQL">
		<jdbc:script location="*.sql"/>
	</jdbc:embedded-database>
	
	<bean id="jdbcTemplate" class="org.springframework.jdbc.core.JdbcTemplate">
		<constructor-arg ref="dataSource" />
	</bean>
	<bean id="manufacturerDao" class="com.ed.dao.ManufacturerDao">
		<constructor-arg ref="jdbcTemplate" />
	</bean>
</beans>










