<?xml version="1.0" encoding="UTF-8"?>
<beans xmlns="http://www.springframework.org/schema/beans"
	xmlns:xsi="http://www.w3.org/2001/XMLSchema-instance"
	xsi:schemaLocation="http://www.springframework.org/schema/beans http://www.springframework.org/schema/beans/spring-beans.xsd">


<!-- note: depedency check has been depricated in spring 3.0 onwards -->
<bean id="person" class="com.dc.beans.Person" dependency-check="objects">
		<property name="passport" ref="passport" />
		<property name="ssn" value="987654321" />
</bean>
<bean id="passport" class="com.dc.beans.Passport" dependency-check="simple">
		<property name="first_name" value="amit" />
		<property name="last_name" value="kumar" />
		<property name="passportNo" value="111" />
</bean>

</beans>
