<?xml version="1.0" encoding="UTF-8"?>
<beans xmlns="http://www.springframework.org/schema/beans"
	xmlns:xsi="http://www.w3.org/2001/XMLSchema-instance"
	xsi:schemaLocation="http://www.springframework.org/schema/beans http://www.springframework.org/schema/beans/spring-beans.xsd">
<bean id="machine1" class="com.cc.beans.Machine">
   <constructor-arg value="23" type="int">
   </constructor-arg>
</bean>
<bean id="machine2" class="com.cc.beans.Machine2">
		<!-- THAT WILL WORK IN SPRING 3.0 ONWARDS -->
	    <constructor-arg value="washing machine" index="1"></constructor-arg>
		<constructor-arg value="21" index="0"></constructor-arg>
		<constructor-arg value="22341" index="2"></constructor-arg> 
		
		<!-- THAT WILL WORK IN SPRING 3.1 ONWARDS -->
   <!-- <constructor-arg value="222" name="machine_id" />
		<constructor-arg value="CPU" name="machine_name" />
		<constructor-arg value="12345" name="machine_sno"/>	-->
</bean>
</beans>
