<?xml version="1.0" encoding="UTF-8"?>
<beans xmlns="http://www.springframework.org/schema/beans"
	xmlns:xsi="http://www.w3.org/2001/XMLSchema-instance"
	xsi:schemaLocation="http://www.springframework.org/schema/beans http://www.springframework.org/schema/beans/spring-beans.xsd">
<bean id="meeting" class="com.cdi.beans.Meeting">
<!--  
<property name="todo">
		<list value-type="java.lang.String">
		<value>1.Make a road map for project.</value>
		<value>2.have a daily meeting unless project has not been developed.</value>
		</list>
</property>
-->
<constructor-arg>
<list value-type="java.lang.String">
		<value>1.we can pass objects also into that list.</value>
		<value>2.how , you have to check theory once.</value>
</list>
</constructor-arg>
</bean>

</beans>
