<?xml version="1.0" encoding="UTF-8"?>
<beans xmlns="http://www.springframework.org/schema/beans"
	xmlns:xsi="http://www.w3.org/2001/XMLSchema-instance"
	xsi:schemaLocation="http://www.springframework.org/schema/beans http://www.springframework.org/schema/beans/spring-beans.xsd">

	<bean id="university" class="com.cdi.beans.University">
		<constructor-arg>
			<map key-type="java.lang.String" value-type="com.cdi.beans.Course">
				<entry key="Rama">
					<ref bean="btech1Yr1SemCS" />
				</entry>
				<entry key="Satyabama" value-ref="btech1Yr1SemEce" />
			</map>
		</constructor-arg>
		<property name="courseToppers">
			<props>
				<prop key="btech1yr1semcs">
					Durga
				</prop>
				<prop key="btech1yr1semece">db</prop>
			</props>
		</property>
	</bean>

	<bean id="btech1Yr1SemCS" class="com.cdi.beans.Course">
		<constructor-arg>
			<list value-type="java.lang.String">
				<value>C</value>
				<value>D.S</value>
				<value>D.M.S</value>
			</list>
		</constructor-arg>
		<property name="faculties">
			<set value-type="java.lang.String">
				<value>Rama</value>
				<value>Sita</value>
				<value>Lakshmana</value>
			</set>
		</property>
	</bean>

	<bean id="btech1Yr1SemEce" class="com.cdi.beans.Course">
		<constructor-arg>
			<list value-type="java.lang.String">
				<value>C</value>
				<value>D.S</value>
				<value>E.D.C</value>
			</list>
		</constructor-arg>
		<property name="faculties">
			<set value-type="java.lang.String">
				<value>Krishna</value>
				<value>Radha</value>
				<value>Satyabama</value>
			</set>
		</property>
	</bean>
</beans>




