<?xml version="1.0" encoding="UTF-8"?>
<beans xmlns="http://www.springframework.org/schema/beans"
	xmlns:xsi="http://www.w3.org/2001/XMLSchema-instance"
	xsi:schemaLocation="http://www.springframework.org/schema/beans http://www.springframework.org/schema/beans/spring-beans.xsd">

<bean id="handlermapping" class="org.springframework.web.servlet.handler.BeanNameUrlHandlerMapping" />

 <bean id="HelloController" name="/welcome.html" class="com.cns.customcontroller.HelloController" />

 <bean id="ViewResolver" class="org.springframework.web.servlet.view.InternalResourceViewResolver" >
	<property name="prefix">
			<value>/WEB-INF/jsp/</value>
	</property>
	<property name="suffix">
			<value>.jsp</value>
	</property>
 </bean> 
</beans>
