<?xml version="1.0" encoding="UTF-8"?>
<beans xmlns="http://www.springframework.org/schema/beans"
	xmlns:xsi="http://www.w3.org/2001/XMLSchema-instance"
	xsi:schemaLocation="http://www.springframework.org/schema/beans http://www.springframework.org/schema/beans/spring-beans.xsd">
	<bean id="iphone5s" class="com.cm.beans.Product">
	  <property name="features">
	  		<list value-type="java.lang.String">
	  			<value>touch screen</value>
	  			<value>bluetooth inbuild</value>
	  			<value>wifi facility</value>
	  		</list>
	  </property>
	</bean>
	<bean id="iphone6s" class="com.cm.beans.Product" parent="iphone5s">
	  <property name="features">
	  		<list value-type="java.lang.String" merge="true">
	  			<value>metal body</value>
	  			<value>cheap in cost</value>
	  		</list>
	  </property>
	</bean>
</beans>
