<?xml version="1.0" encoding="UTF-8"?>
<beans xmlns="http://www.springframework.org/schema/beans"
	xmlns:xsi="http://www.w3.org/2001/XMLSchema-instance"
	xsi:schemaLocation="http://www.springframework.org/schema/beans http://www.springframework.org/schema/beans/spring-beans.xsd">

<bean id="handlerMapping" class="org.springframework.web.servlet.handler.SimpleUrlHandlerMapping">
			<property name="mappings">
			<props>
			<prop key="/aboutus.htm">pvc1</prop>
			<prop key="/contactus.htm">pvc2</prop>
			<prop key="/Home.htm">ufvc</prop>
			</props>
			</property>
</bean>
<bean id="pvc1"  class="org.springframework.web.servlet.mvc.ParameterizableViewController">
<property name="viewName" value="AboutUs"/>
</bean>
<bean id="pvc2" class="org.springframework.web.servlet.mvc.ParameterizableViewController">
<property name="viewName" value="ContactUs"/>
</bean>
<bean id="ufvc" class="org.springframework.web.servlet.mvc.UrlFilenameViewController" />
<bean class="org.springframework.web.servlet.handler.BeanNameUrlHandlerMapping" />
<bean class="org.springframework.web.servlet.view.InternalResourceViewResolver">
	<property name="prefix" value="/WEB-INF/view-pages/"/>
	<property name="suffix" value=".jsp" />
</bean>
</beans>
