<?xml version="1.0" encoding="UTF-8"?>
<beans xmlns="http://www.springframework.org/schema/beans"
	xmlns:xsi="http://www.w3.org/2001/XMLSchema-instance"
	xsi:schemaLocation="http://www.springframework.org/schema/beans http://www.springframework.org/schema/beans/spring-beans.xsd">
<bean id="application" class="com.awbyname.beans.Application" autowire="byName">
	<property name="applicationname" value="Login-System" />
</bean>

<bean id="applicationuser" class="com.awbyname.beans.ApplicationUser">
<property name="username" value="hpsinggh@gmail.com" />
<property name="password" value="1234567890"></property>
</bean>
</beans>
