<?xml version="1.0" encoding="UTF-8"?>
<beans xmlns="http://www.springframework.org/schema/beans"
	xmlns:xsi="http://www.w3.org/2001/XMLSchema-instance"
	xsi:schemaLocation="http://www.springframework.org/schema/beans http://www.springframework.org/schema/beans/spring-beans.xsd">
<bean class="org.springframework.web.servlet.handler.SimpleUrlHandlerMapping">
			<property name="mappings">
					<props>
					<prop key="/cnshome.htm">cns</prop>
					<prop key="/welcome.htm">welcome</prop>
					</props>
			</property>
</bean>
 
<bean id="cns" class="org.springframework.web.servlet.mvc.ParameterizableViewController" >
<property name="viewName" value="cns"></property>
</bean>
<bean id="welcome"  class="com.cns.controller.ViewCnsController" />

<bean  
class="org.springframework.web.servlet.view.InternalResourceViewResolver" >
<property name="prefix" value="/WEB-INF/views/" />
<property name="suffix" value=".jsp" />
</bean>

</beans>
