<?xml version="1.0" encoding="UTF-8"?>
<beans xmlns="http://www.springframework.org/schema/beans"
	 xmlns:c="http://www.springframework.org/schema/c"
	 xmlns:p="http://www.springframework.org/schema/P"
	xmlns:xsi="http://www.w3.org/2001/XMLSchema-instance"
	
	xsi:schemaLocation="http://www.springframework.org/schema/beans http://www.springframework.org/schema/beans/spring-beans.xsd">
 
<bean id="mobile1" class="com.pnc.beans.Mobile1">
	<property name="mobile_menufacturer" value="HTC" />
	<property name="model" value="alpha" />
	<property name="sim" ref="sim" />
</bean>  <!-- 
<bean id="sim" class="com.pnc.beans.Sim">
	<constructor-arg value="10" />
	<constructor-arg value="10gb" />
</bean>    -->
<!-- now doing the same thing in more easy way by parameter namespace -->
<!-- http://www.programmingforliving.com/2012/10/c-namespace-and-p-namespace.html -->
  
<bean id="sim" class="com.pnc.beans.Sim"
	c:simno = "55"
	c:storage_capacity="250gb" >
	</bean>
<!--
<bean id="mobile1" class="com.pnc.beans.Mobile1" 
     p:mobile_menufacturer ="IPhone" 
	 p:model ="10" 
	 p:sim-ref="sim" />
	 	  
	 <bean id="sim" class="com.pnc.beans.Sim"
	 c:_1="250gb" c:_0="55" />-->
</beans>
