<?xml version="1.0" encoding="UTF-8"?>
<beans xmlns="http://www.springframework.org/schema/beans"
	xmlns:xsi="http://www.w3.org/2001/XMLSchema-instance"
	xmlns:context="http://www.springframework.org/schema/context"
	xsi:schemaLocation="http://www.springframework.org/schema/beans http://www.springframework.org/schema/beans/spring-beans.xsd
		http://www.springframework.org/schema/context http://www.springframework.org/schema/context/spring-context-3.0.xsd">




<bean class="org.springframework.web.servlet.handler.SimpleUrlHandlerMapping" >
			<property name="mappings">
				<props>
					<prop key="/home.htm">pvc</prop>
					<prop key="/employee.htm">evc</prop>
				</props>
			</property>
</bean>
<bean id="pvc" class="org.springframework.web.servlet.mvc.ParameterizableViewController" >
	<property name="viewName" value="Home" />
</bean>
<bean id="evc" class="com.cns.controller.EmployeeViewController" />
<bean id ="employee" class="com.cns.model.Employee" />
<bean class="org.springframework.web.servlet.view.InternalResourceViewResolver">
			<property name="prefix" value="/WEB-INF/view-pages/" />
			<property name="suffix" value=".jsp" />
</bean>
</beans>
