<?xml version="1.0" encoding="UTF-8"?>
<beans xmlns="http://www.springframework.org/schema/beans"
	xmlns:xsi="http://www.w3.org/2001/XMLSchema-instance"
	xmlns:context="http://www.springframework.org/schema/context"
	xsi:schemaLocation="http://www.springframework.org/schema/beans http://www.springframework.org/schema/beans/spring-beans.xsd
		http://www.springframework.org/schema/context http://www.springframework.org/schema/context/spring-context.xsd">

<context:component-scan base-package="com.pack.controller" />

<bean class="org.springframework.web.servlet.mvc.annotation.DefaultAnnotationHandlerMapping" />

<!-- <bean name="/firstrequest.form" class="org.springframework.web.servlet.mvc.ParameterizableViewController" >
<property name="viewName" value="welcome"  />
</bean>  -->

<bean class="org.springframework.web.servlet.view.InternalResourceViewResolver" >
		<property name="prefix" value="/WEB-INF/views/" />
		<property name="suffix" value=".jsp" />
</bean>
</beans>
