<?xml version="1.0" encoding="UTF-8"?>
<beans xmlns="http://www.springframework.org/schema/beans"
	xmlns:xsi="http://www.w3.org/2001/XMLSchema-instance"
	xsi:schemaLocation="http://www.springframework.org/schema/beans http://www.springframework.org/schema/beans/spring-beans.xsd">
<bean id="application" class="com.awbytype.beans.Application" autowire="byType"/>

<bean id="appuser1" class="com.awbytype.beans.ApplicationUser" >
<property name="username" value="hpsinggh@gmail.com" />
<property name="password" value="1234567890" />
</bean>

<bean id="appuser2" class="com.awbytype.beans.ApplicationUser" autowire-candidate="false">
<property name="username" value="gurprtkor@gmail.com" />
<property name="password" value="0987654321" />
</bean>
</beans>
