<?xml version="1.0" encoding="UTF-8"?>
<beans xmlns="http://www.springframework.org/schema/beans"
	xmlns:xsi="http://www.w3.org/2001/XMLSchema-instance"
	xsi:schemaLocation="http://www.springframework.org/schema/beans http://www.springframework.org/schema/beans/spring-beans.xsd">
<!-- auto wiring by constructor is done by constructor injection while auto wiring byname and bytype
is done by setter injection -->

<!--  
<bean id="application" class="com.awbyconstructor.beans.Application" autowire="constructor"/>
 if not even a single bean is defined then constructor injection could not work bcoz in 
constructor injection param are mendetory. -->

<!--  
<bean id="application" class="com.awbyconstructor.beans.Application" autowire="constructor"/>

<bean id="appuser1" class="com.awbyconstructor.beans.ApplicationUser">
<property name="username" value="hpsinggh@gmail.com" />
<property name="password" value="1234567890" />
</bean>
<bean id="appuser2" class="com.awbyconstructor.beans.ApplicationUser" autowire-candidate="false">
<property name="username" value="hpsinggh@gmail.com" />
<property name="password" value="1234567890" />
</bean>

-->

<!--  
<bean id="application" class="com.awbyconstructor.beans.Application" autowire="constructor"/>

<bean id="appowner" class="com.awbyconstructor.beans.ApplicationOwner">
<property name="ownername" value="Hirendra singh" />
</bean>

-->
<!-- in this case which constructor is defined first in application java file will executes first  -->
<bean id="application" class="com.awbyconstructor.beans.Application" autowire="constructor"/>

<bean id="appowner" class="com.awbyconstructor.beans.ApplicationOwner">
<property name="ownername" value="Hirendra singh" />
</bean>

<bean id="appuser" class="com.awbyconstructor.beans.ApplicationUser" >
<property name="username" value="hpsinggh@gmail.com" />
<property name="password" value="1234567890" />
</bean>
<!-- if there are two constructor is there with different no of parameters then maximum no. of param
constructor will executes.
 -->
 <!-- in constructr autowiring bydefalut autowiring use byname,if property name is not match with bean id then 
 bytype autowiring will use
  -->
</beans>
