<?xml version="1.0" encoding="UTF-8"?>
<beans xmlns="http://www.springframework.org/schema/beans"
	xmlns:xsi="http://www.w3.org/2001/XMLSchema-instance"
	xsi:schemaLocation="http://www.springframework.org/schema/beans http://www.springframework.org/schema/beans/spring-beans.xsd">
<bean id="car1" class="com.bi.beans.Car">
		<property name="brand_name" value="suzuki"/>
		<property name="color" value="black"></property>
		<property name="fuel_type" value="petrol" />
		<property name="price" value="200000"></property>
</bean>
<bean id="car2" class="com.bi.beans.Car">
		<property name="brand_name" value="nissan"/>
		<property name="color" value="white" />
		<property name="fuel_type" value="CNG" />
		<property name="price" value="100000"/>
</bean>
<bean id="car3" class="com.bi.beans.Car" parent="car1" />
<bean id="car4" class="com.bi.beans.Car" parent="car1">
<property name="brand_name" value="BMW"></property>
</bean>
</beans>
